{"brandLink":{"biName":"learn","displayName":"Learn","href":"/"},"featuredContent":[{"biName":"1-featured-assessment","description":"Wherever you are in your AI journey, Microsoft Learn meets you where you are and helps you deepen your skills.","href":"/assessments/1c032171-8ca0-4032-8962-a38a5cc424a8/","supertitle":"Featured assessment","title":"It\u0027s your AI learning journey"}],"metadata":{"git_commit_id":"a5760d455bccaa1feaf89c1d17820b4cf1b3ad06"},"navCategories":[{"biName":"1-discover","panel":{"panelContent":[{"biName":"1-documentation","componentType":"header-panel-card","description":"In-depth articles on Microsoft developer tools and technologies","href":"/docs/","title":"Documentation"},{"biName":"2-training","componentType":"header-panel-card","description":"Personalized learning paths and courses","href":"/training/","title":"Training"},{"biName":"3-credentials","componentType":"header-panel-card","description":"Globally recognized, industry-endorsed credentials","href":"/credentials/","title":"Credentials"},{"biName":"4-qna","componentType":"header-panel-card","description":"Technical questions and answers moderated by Microsoft","href":"/answers/","title":"Q\u0026A"},{"biName":"5-code-samples","componentType":"header-panel-card","description":"Code sample library for Microsoft developer tools and technologies","href":"/samples/","title":"Code Samples"},{"biName":"6-assessments","componentType":"header-panel-card","description":"Interactive, curated guidance and recommendations","href":"/assessments/","title":"Assessments"},{"biName":"7-shows","componentType":"header-panel-card","description":"Thousands of hours of original programming from Microsoft experts","href":"/shows/","title":"Shows"}]},"title":"Discover"},{"biName":"2-product-documentation","panel":{"panelContent":[{"biName":"1-asp-dotnet","componentType":"header-panel-link","href":"/aspnet/","title":"ASP.NET"},{"biName":"2-azure","componentType":"header-panel-link","href":"/azure/","title":"Azure"},{"biName":"3-dynamics365","componentType":"header-panel-link","href":"/dynamics365/","title":"Dynamics 365"},{"biName":"4-microsoft-365","componentType":"header-panel-link","href":"/microsoft-365/","title":"Microsoft 365"},{"biName":"5-microsoft-edge","componentType":"header-panel-link","href":"/microsoft-edge/","title":"Microsoft Edge"},{"biName":"6-microsoft-entra","componentType":"header-panel-link","href":"/entra/","title":"Microsoft Entra"},{"biName":"7-microsoft-graph","componentType":"header-panel-link","href":"/graph/","title":"Microsoft Graph"},{"biName":"8-microsoft-intune","componentType":"header-panel-link","href":"/mem/","title":"Microsoft Intune"},{"biName":"9-microsoft-purview","componentType":"header-panel-link","href":"/purview/","title":"Microsoft Purview"},{"biName":"10-microsoft-teams","componentType":"header-panel-link","href":"/microsoftteams/","title":"Microsoft Teams"},{"biName":"11-dotnet","componentType":"header-panel-link","href":"/dotnet/","title":".NET"},{"biName":"12-power-apps","componentType":"header-panel-link","href":"/power-apps/","title":"Power Apps"},{"biName":"13-power-automate","componentType":"header-panel-link","href":"/power-automate/","title":"Power Automate"},{"biName":"14-power-bi","componentType":"header-panel-link","href":"/power-bi/","title":"Power BI"},{"biName":"15-power-platform","componentType":"header-panel-link","href":"/power-platform/","title":"Power Platform"},{"biName":"16-powershell","componentType":"header-panel-link","href":"/powershell/","title":"PowerShell"},{"biName":"17-sql","componentType":"header-panel-link","href":"/sql/","title":"SQL"},{"biName":"18-sysinternals","componentType":"header-panel-link","href":"/sysinternals/","title":"Sysinternals"},{"biName":"19-visual-studio","componentType":"header-panel-link","href":"/visualstudio/","title":"Visual Studio"},{"biName":"20-windows","componentType":"header-panel-link","href":"/windows/","title":"Windows"},{"biName":"21-windows-server","componentType":"header-panel-link","href":"/windows-server/","title":"Windows Server"}],"panelLink":{"biName":"view-all-products","href":"/docs/","title":"View all products"}},"title":"Product documentation"},{"biName":"3-dev-languages","panel":{"panelContent":[{"biName":"1-cpp","componentType":"header-panel-link","href":"/cpp/","title":"C\u002B\u002B"},{"biName":"2-dax","componentType":"header-panel-link","href":"/dax/","title":"DAX"},{"biName":"3-java","componentType":"header-panel-link","href":"/java/","title":"Java"},{"biName":"4-odata","componentType":"header-panel-link","href":"/odata/","title":"OData"},{"biName":"5-open-api","componentType":"header-panel-link","href":"/openapi/","title":"OpenAPI"},{"biName":"6-power-query-m","componentType":"header-panel-link","href":"/powerquery-m/","title":"Power Query M"},{"biName":"7-vba","componentType":"header-panel-link","href":"/office/vba/","title":"VBA"}]},"title":"Development languages"},{"biName":"4-topics","panel":{"panelContent":[{"biName":"1-ai","componentType":"header-panel-link","href":"/ai/","title":"Artificial intelligence"},{"biName":"2-compliance","componentType":"header-panel-link","href":"/compliance/","title":"Compliance"},{"biName":"3-devops","componentType":"header-panel-link","href":"/devops/","title":"DevOps"},{"biName":"4-platform-engineering","componentType":"header-panel-link","href":"/platform-engineering/","title":"Platform engineering"},{"biName":"5-security","componentType":"header-panel-link","href":"/security/","title":"Security"}]},"title":"Topics"}],"schema":"SiteHeader","type":"content-header"}