{"responses":[{"modelName":"TrainingRelated","topics":[{"title":"Explore support and diagnostic tools - Training","url":"/en-us/training/modules/explore-support-diagnostic-tools/?source=recommendations","documentType":"Training","contentType":"LearningModule","description":"This module introduces the tools for troubleshooting the Windows client operating system and provides guidance on how to use them.","iconUrl":"/training/achievements/diagnostics-tools-explore-support.svg"}]},{"modelName":"CertificationRelated","topics":[]}]}