{"banners":[{"content":{"text":"You may experience reduced functionality with empty pages and broken links. Development is in progress to improve your experience."},"dismissable":false,"location":"sectional","scope":{"accessLevels":["isolated"],"endDate":"2030-01-01T00:00:00-00:00","paths":["/samples/browse/","/lifecycle/products/","/dotnet/api/","/javascript/api/","/java/api/","/powershell/module/","/python/api/","/rest/api/","/assessments/"],"startDate":"2020-10-01T05:00:00-04:00"},"uid":"development-in-progress-isolated"},{"content":{"link":{"href":"https://aka.ms/DevBox/Customizations?wt.mc_id=mdbservice_resources_webpage_learnpromotion_cnl","title":"Learn more"},"text":"Now in preview | Microsoft Dev Box customizations features."},"dismissable":true,"location":"sectional","scope":{"accessLevels":["online"],"endDate":"2024-03-31T04:00:00.000Z","paths":["/azure/dev-box/*"],"startDate":"2024-02-20T23:00:00.000Z"},"uid":"938234  live"},{"content":{"link":{"href":"https://aka.ms/MSLearn_ServerSummit?wt.mc_id=learnpromotion_cnl","title":"Join us"},"text":"Windows Server Summit | Join our virtual technical event March 26-28, 2024, sponsored by Intel. Windows Server, Intel, and Azure experts share tips, demos, and preview what\u2019s next."},"dismissable":true,"displayType":"event-card","location":"sectional","scope":{"accessLevels":["online"],"displayedEventEndDate":"2024-03-28T23:00:00.000Z","displayedEventStartDate":"2024-03-26T16:00:00.000Z","endDate":"2024-03-28T07:00:00.000Z","paths":["/windows-server/*","/azure/azure-arc/*","/azure/cloud-adoption-framework/*","/azure/migrate/*","/defender/*","/entra/*","/powershell/*","/system-center/*"],"startDate":"2024-02-29T18:00:00.000Z"},"uid":"944223  live"},{"content":{"link":{"href":"https://aka.ms/jdconfhero?wt.mc_id=jdconference_javadeveloperconference_1pevents_learnpromotion_azuremktg_csaapp","title":"Register now"},"text":"Java Developer Conference | Embark on a journey into Java, Cloud and AI at JDConf on March 27-28. Code, collaborate and celebrate the future of Java with us!"},"dismissable":true,"displayType":"event-card","location":"sectional","scope":{"accessLevels":["online"],"displayedEventEndDate":"2024-03-28T14:00:00.000Z","displayedEventStartDate":"2024-03-27T16:00:00.000Z","endDate":"2024-03-28T07:00:00.000Z","paths":["/java/*","/azure/developer/java/"],"startDate":"2024-03-01T18:00:00.000Z"},"uid":"945133  live"},{"content":{"link":{"href":"https://aka.ms/LearnforOrganizations?ocid=learnpromotion_cnl","title":"Start now"},"text":"Microsoft Learn for Organizations | New! Get the support and curated learning resources you need to help your workforce keep pace with fast-evolving technology."},"dismissable":true,"location":"sectional","scope":{"accessLevels":["online"],"endDate":"2024-03-27T20:00:00.000Z","paths":["/ai/","/credentials/","/training/azure/"],"startDate":"2024-03-01T20:00:00.000Z"},"uid":"944211  live"},{"content":{"link":{"href":"https://aka.ms/M365regMSLearn?wt.mc_id=m365con_m365regmslearn_3pevents_learnpromotion_mwmktg_csamw","title":"Register today"},"text":"Enter the Era of AI | Dive deep into the future of the AI-powered workplace at the Microsoft 365 Community Conference, April 30\u2013May 2 in Orlando."},"dismissable":true,"displayType":"event-card","location":"sectional","scope":{"accessLevels":["online"],"displayedEventEndDate":"2024-05-02T22:00:00.000Z","displayedEventStartDate":"2024-04-30T13:00:00.000Z","endDate":"2024-04-29T23:00:00.000Z","paths":["/training/m365/*","/training/teams/*","/training/viva/*","/microsoftteams/*","/viva/*","/microsoft-cloud/*","/microsoft-365/*"],"startDate":"2024-03-01T18:00:00.000Z"},"uid":"944217  live"},{"content":{"link":{"href":"https://aka.ms/AAp16hz?wt.mc_id=bale2024_wave1_1pevents_d365mktg_learnpromotion_csaba","title":"Register now"},"text":"Business Applications Launch Event | Join us on April 10 for an in-depth look at the latest AI features in Microsoft Dynamics 365 \u0026 Microsoft Power Platform."},"dismissable":true,"displayType":"event-card","location":"sectional","scope":{"accessLevels":["online"],"displayedEventEndDate":"2024-04-10T19:00:00.000Z","displayedEventStartDate":"2024-04-10T17:00:00.000Z","endDate":"2024-04-10T08:00:00.000Z","paths":["/dynamics365/*"],"startDate":"2024-03-01T16:00:00.000Z"},"uid":"945186  live"},{"content":{"link":{"href":"https://aka.ms/bia?ocid=buildia24_learn_banner_learnpromo_azuremktg","title":"Join now"},"text":"Build Intelligent Apps today | Join us on a learning journey combining AI, cloud-native apps and cloud-scale data to build end-to-end solutions."},"dismissable":true,"location":"sectional","scope":{"accessLevels":["online"],"endDate":"2024-04-12T20:00:00.000Z","paths":["/azure/aks/*","/azure/azure-functions/*","/azure/architecture/*","/azure/developer/*","/azure/devops/*","/azure/container-apps/*","/azure/kubernetes-fleet/*","/azure/container-registry/*","/azure/api-management/*","/azure/logic-apps/*","/azure/active-directory/*","/azure/azure-monitor/*","/azure/azure-web-pubsub/*","/visualstudio/windows/*"],"startDate":"2024-02-28T20:00:00.000Z"},"uid":"945195  live"},{"content":{"link":{"href":"https://aka.ms/banner_mslearn_tier2?wt.mc_id=build24_t21_learnpromotion_events","title":"Register now"},"text":"Microsoft Build | AI has disrupted the industry. Join us as we disrupt it some more."},"dismissable":true,"displayType":"event-card","location":"sectional","scope":{"accessLevels":["online"],"displayedEventEndDate":"2024-05-24T02:00:00.000Z","displayedEventStartDate":"2024-05-21T15:00:00.000Z","endDate":"2024-04-10T16:00:00.000Z","paths":["/adaptive-cards/*","/aspnet/core/*","/digital-contact-center-platform/*","/advertising/*","/compliance/*","/microsoft-edge/*","/graph/*","/industry/*","/mem/*","/lifecycle/*","/privacy/priva/*","/stream/*","/surface/*","/typography/*","/odata/*","/openspecs/*","/openapi/*","/partner-center/*","/playready/*","/windows/*","/copilot/*"],"startDate":"2024-03-14T18:00:00.000Z"},"uid":"945553  live"},{"content":{"link":{"href":"https://aka.ms/CosmosDBDevCSC?wt.mc_id=learnpromotions_azuremktg","title":"Join now"},"text":"Calling Developers in the era of AI! Join the Cloud Skills Challenge as the first step in the 4-week Azure Cosmos DB developer journey to learn how to build AI applications."},"dismissable":true,"displayType":"event-card","location":"sectional","scope":{"accessLevels":["online"],"displayedEventEndDate":"2024-05-31T12:00:00.000Z","displayedEventStartDate":"2024-04-16T09:00:00.000Z","endDate":"2024-05-16T12:00:00.000Z","paths":["/azure/cosmos-db/*","/azure/active-directory/*","/azure/app-service/*","/azure/aks/*","/azure/copilot/*"],"startDate":"2024-04-16T09:00:00.000Z"},"uid":"952200  live"},{"content":{"link":{"href":"https://aka.ms/AISC_OpenAI_Promo?ocid=aisc24-openai_csc_learnpromo_T2_cnl","title":"Join now"},"text":"Learn AI Skills - Azure Open AI Challenge | Gain the skills needed to excel in the era of AI. Complete one of the challenges and become eligible for a free Microsoft Certification exam. Ends April 19th."},"dismissable":true,"location":"sectional","scope":{"accessLevels":["online"],"endDate":"2024-04-10T10:00:00.000Z","paths":["/azure/ai-services/*","/azure/ai-studio/*","/ai-builder/*"],"startDate":"2024-03-28T15:00:00.000Z"},"uid":"957073 live"},{"content":{"link":{"href":"https://aka.ms/AISC_promo?ocid=aisc24-gen_csc_learnpromo_T2_cnl","title":"Join now"},"text":"Microsoft Learn AI Skills Challenge | Gain the skills needed to excel in the era of AI. Complete one of the challenges and become eligible for a free Microsoft Certification exam. Ends April 19th."},"dismissable":true,"location":"sectional","scope":{"accessLevels":["online"],"endDate":"2024-04-10T10:00:00.000Z","paths":["/ai/*","/training/azure/*","/training/educator-center/*","/training/student-hub/*","/credentials/","/azure/app-service/*","/azure/copilot/*","/visualstudio/*","/microsoft-copilot-service/*","/microsoft-copilot-studio/*"],"startDate":"2024-03-28T15:00:00.000Z"},"uid":"957075 live"},{"content":{"link":{"href":"https://aka.ms/AISC_ML_Promo?ocid=aisc24-ml_csc_learnpromo_T2_cnl","title":"Join now"},"text":"Learn AI Skills - Azure Machine Learning Challenge | Gain the skills needed to excel in the era of AI. Complete one of the challenges and become eligible for a free Microsoft Certification exam. Ends April 19th."},"dismissable":true,"location":"sectional","scope":{"accessLevels":["online"],"endDate":"2024-04-10T10:00:00.000Z","paths":["/azure/machine-learning/*"],"startDate":"2024-03-28T15:00:00.000Z"},"uid":"957074 live"},{"content":{"link":{"href":"https://aka.ms/AISC_Fabric_Promo?ocid=aisc24-fabric_csc_learnpromo_T2_cnl","title":"Join now"},"text":"Learn AI Skills - Microsoft Fabric Challenge | Gain the skills needed to excel in the era of AI. Complete one of the challenges and become eligible for a free Microsoft Certification exam. Ends April 19th."},"dismissable":true,"location":"sectional","scope":{"accessLevels":["online"],"endDate":"2024-04-10T10:00:00.000Z","paths":["/fabric/*","/power-bi/*","/sql/*","/power-automate/*","/power-apps/*","/power-pages/*","/azure/azure-sql-edge/*","/azure/synapse-analytics/*","/azure/data-factory/*","/azure/databricks/*","/azure/storage/*","/azure/stream-analytics/*","/azure/service-bus-messaging/*","/azure/data-explorer/*","/training/fabric/","/dax/*","/analysis-services/*","/azure/azure-sql/*","/azure/postgresql/*","/azure/mysql/*","/azure/mariadb/*","/azure/azure-cache-for-redis/*","/azure/dms/*"],"startDate":"2024-03-28T15:00:00.000Z"},"uid":"957059 live"},{"content":{"link":{"href":"https://aka.ms/AApi1c7?WT.mc_id=learnpromotion_T2_cnl","title":"Join now"},"text":"Migrate to Innovate - Be AI Ready, Be Secure | Join us on April 16 to learn how migrating Windows Server and SQL Server to Azure fuels innovation."},"dismissable":true,"displayType":"event-card","location":"sectional","scope":{"accessLevels":["online"],"displayedEventEndDate":"2024-04-16T18:00:00.000Z","displayedEventStartDate":"2024-04-16T16:00:00.000Z","endDate":"2024-04-16T10:00:00.000Z","paths":["/windows-server/*","/azure/azure-arc/*","/azure/cloud-adoption-framework/*","/azure/migrate/*","/defender/*","/system-center/*"],"startDate":"2024-03-29T06:00:00.000Z"},"uid":"958242 live"},{"content":{"link":{"href":"https://aka.ms/learntogether/learnpromo?ocid=fabric24-learntogether_learnpromo_T2_ad","title":"Register now"},"text":"Microsoft Fabric Learn Together | Learn Fabric in free live sessions led by the best Microsoft experts. From Apr 16 to May 9 in English and Spanish."},"dismissable":true,"displayType":"event-card","location":"sectional","scope":{"accessLevels":["online"],"displayedEventEndDate":"2024-05-09T09:00:00.000Z","displayedEventStartDate":"2024-04-16T09:00:00.000Z","endDate":"2024-05-08T09:00:00.000Z","paths":["/fabric/*","/power-bi/*","/sql/*","/power-automate/*","/power-apps/*","/power-pages/*","/azure/azure-sql-edge/*","/azure/synapse-analytics/*","/azure/data-factory/*","/azure/databricks/*","/azure/storage/*","/azure/stream-analytics/*","/azure/service-bus-messaging/*","/azure/data-explorer/*","/training/fabric/","/dax/*","/analysis-services/*","/azure/azure-sql/*","/azure/postgresql/*","/azure/mysql/*","/azure/mariadb/*","/azure/cosmos-db/*","/azure/azure-cache-for-redis/*","/azure/dms/*"],"startDate":"2024-04-12T09:00:00.000Z"},"uid":"961974 live"}],"metadata":{"git_commit_id":"751a21b76ccf3bfdfd7f24d906a0ccac120ed934"}}