{"items":[{"children":[{"children":[{"children":[{"href":"downloads/accesschk","toc_title":"AccessChk"},{"href":"downloads/accessenum","toc_title":"AccessEnum"},{"href":"downloads/cacheset","toc_title":"CacheSet"},{"href":"downloads/contig","toc_title":"Contig"},{"href":"downloads/disk2vhd","toc_title":"Disk2vhd"},{"href":"downloads/diskext","toc_title":"DiskExt"},{"href":"downloads/diskmon","toc_title":"DiskMon"},{"href":"downloads/du","toc_title":"Disk Usage"},{"href":"downloads/diskview","toc_title":"DiskView"},{"href":"downloads/efsdump","toc_title":"EFSDump"},{"href":"downloads/ldmdump","toc_title":"LDMDump"},{"href":"downloads/pendmoves","toc_title":"MoveFile"},{"href":"downloads/ntfsinfo","toc_title":"NTFSInfo"},{"href":"downloads/pendmoves","toc_title":"PendMoves"},{"href":"downloads/regmon","toc_title":"RegMon"},{"href":"downloads/sdelete","toc_title":"SDelete"},{"href":"downloads/sigcheck","toc_title":"Sigcheck"},{"href":"downloads/streams","toc_title":"Streams"},{"href":"downloads/sync","toc_title":"Sync"},{"href":"downloads/volumeid","toc_title":"VolumeID"}],"href":"downloads/file-and-disk-utilities","toc_title":"File and Disk Utilities"},{"children":[{"href":"downloads/adexplorer","toc_title":"Active Directory Explorer"},{"href":"downloads/adinsight","toc_title":"Insight for Active Directory"},{"href":"downloads/adrestore","toc_title":"AdRestore"},{"href":"downloads/pipelist","toc_title":"PipeList"},{"href":"downloads/psfile","toc_title":"PsFile"},{"href":"downloads/psping","toc_title":"PsPing"},{"href":"downloads/shareenum","toc_title":"ShareEnum"},{"href":"downloads/tcpview","toc_title":"TCPView"},{"href":"downloads/whois","toc_title":"Whois"}],"href":"downloads/networking-utilities","toc_title":"Networking Utilities"},{"children":[{"href":"downloads/autoruns","toc_title":"AutoRuns"},{"href":"downloads/handle","toc_title":"Handle"},{"href":"downloads/listdlls","toc_title":"ListDLLs"},{"href":"downloads/portmon","toc_title":"Portmon"},{"href":"downloads/procdump","toc_title":"ProcDump"},{"href":"downloads/process-explorer","toc_title":"Process Explorer"},{"href":"downloads/procmon","toc_title":"Process Monitor"},{"href":"downloads/psexec","toc_title":"PsExec"},{"href":"downloads/psgetsid","toc_title":"PsGetSid"},{"href":"downloads/pskill","toc_title":"PsKill"},{"href":"downloads/pslist","toc_title":"PsList"},{"href":"downloads/psservice","toc_title":"PsService"},{"href":"downloads/pssuspend","toc_title":"PsSuspend"},{"href":"downloads/pstools","toc_title":"PsTools"},{"href":"downloads/shellrunas","toc_title":"ShellRunas"},{"href":"downloads/vmmap","toc_title":"VMMap"}],"href":"downloads/process-utilities","toc_title":"Process Utilities"},{"children":[{"href":"downloads/autologon","toc_title":"Autologon"},{"href":"downloads/logonsessions","toc_title":"LogonSessions"},{"href":"downloads/newsid","toc_title":"NewSID"},{"href":"downloads/psloggedon","toc_title":"PsLoggedOn"},{"href":"downloads/psloglist","toc_title":"PsLogList"},{"href":"downloads/rootkit-revealer","toc_title":"RootkitRevealer"},{"href":"downloads/sysmon","toc_title":"Sysmon"}],"href":"downloads/security-utilities","toc_title":"Security Utilities"},{"children":[{"href":"downloads/clockres","toc_title":"ClockRes"},{"href":"downloads/coreinfo","toc_title":"Coreinfo"},{"href":"downloads/livekd","toc_title":"LiveKd"},{"href":"downloads/loadorder","toc_title":"LoadOrder"},{"href":"downloads/procfeatures","toc_title":"ProcFeatures"},{"href":"downloads/psinfo","toc_title":"PsInfo"},{"href":"downloads/rammap","toc_title":"RAMMap"},{"href":"downloads/winobj","toc_title":"WinObj"}],"href":"downloads/system-information","toc_title":"System Information"},{"children":[{"href":"downloads/bginfo","toc_title":"BgInfo"},{"href":"downloads/bluescreen","toc_title":"BlueScreen Screen Saver"},{"href":"downloads/cpustres","toc_title":"CpuStres"},{"href":"downloads/ctrl2cap","toc_title":"Ctrl2Cap"},{"href":"downloads/debugview","toc_title":"DebugView"},{"href":"downloads/desktops","toc_title":"Desktops"},{"href":"downloads/hex2dec","toc_title":"Hex2dec"},{"href":"downloads/notmyfault","toc_title":"NotMyFault"},{"href":"downloads/pspasswd","toc_title":"PsPasswd"},{"href":"downloads/psshutdown","toc_title":"PsShutdown"},{"href":"downloads/rdcman","toc_title":"RDCMan"},{"href":"downloads/regdelnull","toc_title":"RegDelNull"},{"href":"downloads/ru","toc_title":"Registry Usage"},{"href":"downloads/reghide","toc_title":"Reghide"},{"href":"downloads/regjump","toc_title":"RegJump"},{"href":"downloads/strings","toc_title":"Strings"},{"href":"downloads/testlimit","toc_title":"Testlimit"},{"href":"downloads/zoomit","toc_title":"ZoomIt"}],"href":"downloads/misc-utilities","toc_title":"Miscellaneous"},{"href":"downloads/sysinternals-suite","toc_title":"Sysinternals Suite"},{"href":"downloads/microsoft-store","toc_title":"Microsoft Store"}],"expanded":true,"href":"downloads/","toc_title":"Downloads"},{"href":"community","toc_title":"Community"},{"children":[{"href":"resources/webcasts","toc_title":"Mark\u0027s Webcasts"},{"href":"resources/windows-internals","toc_title":"Windows Internals Book"},{"href":"resources/troubleshooting-book","toc_title":"Troubleshooting with the Windows Sysinternals Tools"},{"href":"resources/inside-native-applications","toc_title":"Inside Native Applications"},{"href":"resources/archive/","toc_title":"Newsletters Archive"}],"href":"resources/","toc_title":"Resources"},{"href":"license-terms","toc_title":"Software License Terms"},{"href":"license-faq","toc_title":"Licensing FAQ"}],"href":"./","toc_title":"Home"}],"metadata":{"author":"markruss","breadcrumb_path":"/sysinternals/bread/toc.json","count_of_node_with_href":97,"hide_comments":true,"layout":"Conceptual","ms.author":"markruss","ms.service":"sysinternals","ms.subservice":"system-utilities","ms.topic":"system-utilities","open_to_public_contributors":true,"pdf_absolute_path":"/sysinternals/opbuildpdf/toc.pdf","titleSuffix":"Sysinternals","uhfHeaderId":"MSDocsHeader-Sysinternals"}}